{
    "weights_1": [
        [
            -23.01851445832447,
            5.990568700196086,
            17.844566097787087,
            -20.569796908027893,
            -4.565597507036682
        ],
        [
            14.223028030823572,
            -7.360825624310277,
            1.4508009313273342,
            -10.330980145575893,
            -21.40446783889881
        ],
        [
            33.0796206829903,
            -11.118140804847307,
            50.564592375190294,
            -27.912557957640693,
            -26.639561910595294
        ]
    ],
    "weights_2": [
        [
            2.5020180402231804,
            3.0554986793050705,
            1.2948326040719944
        ]
    ],
    "b1": [
        [
            -17.15050233493402
        ],
        [
            1.2003023713717373
        ],
        [
            -130.01208430348413
        ]
    ],
    "b2": [
        [
            -3.3843746875189287
        ]
    ]
}