{
    "weights_1": [
        [
            -6.281700083615217,
            -24.700941892330746,
            22.516499075043285,
            -24.39842630680421,
            -7.505488866022428
        ],
        [
            -2.055582501402432,
            -2.1879243830054724,
            -1.8939461837314082,
            -1.8757417691085825,
            -1.9462937829630262
        ],
        [
            -12.214700492640521,
            -20.49087201978379,
            -19.022761533294815,
            1.5210468525035539,
            10.858234077773611
        ]
    ],
    "weights_2": [
        [
            1.7828750862486789,
            -0.39746537562693074,
            2.0728108339433455
        ]
    ],
    "b1": [
        [
            8.023069602087304
        ],
        [
            -1.1480985030266404
        ],
        [
            24.868178417286387
        ]
    ],
    "b2": [
        [
            -0.8512592553498357
        ]
    ]
}