{
  "weights_1": [
    [
      -21.13164301,
      -1.37054036,
      -16.86976406,
      29.30538071,
      -34.47326956
    ],
    [
      48.60277746,
      -40.69339409,
      23.70495276,
      -50.88796299,
      -48.15155281
    ],
    [
      15.25138701,
      -14.91345246,
      -21.40183576,
      -13.08390208,
      10.26623152
    ]
  ],
  "weights_2": [
    [
      1.69228692,
      1.68394246,
      1.9765986
    ]
  ],
  "b1": [
    [
      10.03311103
    ],
    [
      16.75359252
    ],
    [
      -11.22556562
    ]
  ],
  "b2": [
    -2.93831495
  ]
}