{
    "weights_1": [
        [
            -17.696727759499574,
            43.38579707855527,
            -51.411370910313906,
            -11.950664375709005,
            -21.65753254330279
        ],
        [
            56.024086120267576,
            -41.23179781162383,
            25.991879579563392,
            -49.95968806833061,
            -50.749665609013384
        ],
        [
            -7.476926745814128,
            -13.162558791790088,
            7.67358746872853,
            3.573117760447136,
            -13.140543390493875
        ]
    ],
    "weights_2": [
        [
            1.7720841983876128,
            1.3561941905756376,
            -2.4989516933770473
        ]
    ],
    "b1": [
        [
            14.380275843335724
        ],
        [
            -3.846188159782229
        ],
        [
            1.705949835259865
        ]
    ],
    "b2": [
        [
            -0.2486559617031613
        ]
    ]
}