{
    "weights_1": [
        [
            -14.40516605,
            4.52018479,
            12.46413935,
            8.12484282,
            -9.62713626
        ],
        [
            13.69725823,
            0.55703535,
            -19.49566299,
            8.47383662,
            -4.07045229
        ],
        [
            4.79072255,
            -9.92098715,
            -5.12495953,
            4.63746722,
            9.23385058
        ]
    ],
    "weights_2": [
        [
            -4.62820773,
            9.25971204,
            0.21132112
        ]
    ],
    "b1": [
        [
            9.51243813
        ],
        [
            -4.64042131
        ],
        [
            6.34321641
        ]
    ],
    "b2": [
        [
            -4.058760330496206
        ]
    ]
}