{
    "weights_1": [
        [
            -3.5388328163886156,
            -2.066165856248041,
            -16.033126569485685,
            -16.186588681724377,
            5.682873120233316
        ],
        [
            2.288591362984522,
            -10.09438058311643,
            -33.163265652741686,
            -16.110716648169785,
            10.266773563575432
        ],
        [
            -5.347167375787408,
            -0.5421971904157984,
            -6.906228725423132,
            -6.194857280471215,
            -0.579909874884178
        ]
    ],
    "weights_2": [
        [
            2.73063231247378,
            0.16388957370500462,
            1.969842928469762
        ]
    ],
    "b1": [
        [
            -5.616791427562874
        ],
        [
            46.74014801260569
        ],
        [
            -4.113972881240046
        ]
    ],
    "b2": [
        [
            -3.1112969256502305
        ]
    ]
}