{
    "weights_1": [
        [
            -0.08624832665675611,
            -0.6861564819600526,
            -0.040976414428446135,
            -6.2598556553045555,
            -4.442530368638196
        ],
        [
            -0.4675693501271431,
            1.1811927604366417,
            0.6134057750823549,
            -4.452571508729606,
            -5.771749536890072
        ],
        [
            2.727429252117413,
            -13.369650351072012,
            -40.33234548136188,
            -20.013278717757434,
            12.70988091000218
        ]
    ],
    "weights_2": [
        [
            0.18966217573354374,
            0.030838645026272465,
            0.08994552395914843
        ]
    ],
    "b1": [
        [
            -2.027875409442898
        ],
        [
            -5.3708144477915125
        ],
        [
            59.80016570753197
        ]
    ],
    "b2": [
        [
            -0.824446770575346
        ]
    ]
}