{
    "weights_1": [
        [
            -1.8844610062694724,
            -1.9393321064557845,
            -2.556638764175925,
            -1.6328437664530662,
            -0.7881196663320961
        ],
        [
            -1.451949385401555,
            -2.2134505397845468,
            -1.5754258207787513,
            -1.5913790939545986,
            -2.564272703377364
        ],
        [
            -1.9657282480851168,
            -2.25111353387133,
            -2.1990864053938393,
            -2.043854625956174,
            -1.624700102432292
        ]
    ],
    "weights_2": [
        [
            0.6430764119879706,
            1.4877589379328522,
            1.466341659308532
        ]
    ],
    "b1": [
        [
            -2.371344293956778
        ],
        [
            -2.063347753216282
        ],
        [
            -1.3907111632269786
        ]
    ],
    "b2": [
        [
            -1.8166027275067658
        ]
    ]
}